{"test_loss": 1.0518643856048584, "test_accuracy": 0.7965779467680608, "test_precision_macro": 0.5974159542544746, "test_recall_macro": 0.6513484147489436, "test_f1_micro": 0.7965779467680608, "test_f1_macro": 0.6112722676263187, "test_f1_weighted": 0.80400860220389, "test_runtime": 11.4049, "test_samples_per_second": 46.121, "test_steps_per_second": 1.491, "model": "deepset/gbert-base", "dataset": "hasoc_1920_task_2", "train_size": 7042, "validation_size": 526, "test_size": 526}