{"test_loss": 0.985264003276825, "test_accuracy": 0.7710174198434738, "test_precision": 0.7217507815989281, "test_recall": 0.8505263157894737, "test_f1": 0.7808649432230007, "test_f1_micro": 0.7710174198434737, "test_f1_macro": 0.7705540682279424, "test_f1_weighted": 0.770134969294793, "test_runtime": 21.4541, "test_samples_per_second": 184.627, "test_steps_per_second": 5.78, "model": "dbmdz/bert-base-german-cased", "dataset": "germeval_19", "train_size": 5310, "validation_size": 591, "test_size": 3961}