{"test_loss": 0.5538442730903625, "test_accuracy": 0.7842848734549736, "test_precision": 0.7112462006079028, "test_recall": 0.6104347826086957, "test_f1": 0.6569957884885353, "test_f1_micro": 0.7842848734549736, "test_f1_macro": 0.7498329446842762, "test_f1_weighted": 0.779831531353765, "test_runtime": 60.3983, "test_samples_per_second": 56.26, "test_mem_cpu_alloc_delta": 536576, "test_mem_gpu_alloc_delta": 0, "test_mem_cpu_peaked_delta": 0, "test_mem_gpu_peaked_delta": 1359415808, "model": "dbmdz/bert-base-german-cased", "dataset": "germeval_18", "train_size": 4508, "validation_size": 501, "test_size": 3398}