{"test_loss": 1.0125266313552856, "test_accuracy": 0.8022813688212928, "test_precision_macro": 0.6033376508919988, "test_recall_macro": 0.6348389713393018, "test_f1_micro": 0.8022813688212926, "test_f1_macro": 0.6130177554821611, "test_f1_weighted": 0.8077566464473129, "test_runtime": 11.0371, "test_samples_per_second": 47.658, "test_steps_per_second": 1.54, "model": "deepset/gbert-base", "dataset": "hasoc_2020_task_2", "train_size": 2373, "validation_size": 526, "test_size": 526}