{"test_loss": 1.2939090728759766, "test_accuracy": 0.8517110266159695, "test_precision": 0.7099236641221374, "test_recall": 0.6992481203007519, "test_f1": 0.7045454545454545, "test_f1_micro": 0.8517110266159695, "test_f1_macro": 0.8027803414859253, "test_f1_weighted": 0.8513375099355875, "test_runtime": 23.6236, "test_samples_per_second": 22.266, "test_steps_per_second": 0.72, "model": "dbmdz/bert-base-german-cased", "dataset": "hasoc_1920", "train_size": 7042, "validation_size": 526, "test_size": 526}
