{"test_loss": 0.9993099570274353,
"test_accuracy": 0.8396869477404696,
"test_precision": 0.8758169934640523,
"test_recall": 0.7757894736842105,
"test_f1": 0.8227742115545631,
"test_f1_micro": 0.8396869477404695,
"test_f1_macro": 0.8382135634864312,
"test_f1_weighted": 0.8388411160390772,
"test_runtime": 85.0574,
"test_samples_per_second": 46.569,
"test_mem_cpu_alloc_delta": 0,
"test_mem_gpu_alloc_delta": 0,
"test_mem_cpu_peaked_delta": 0,
"test_mem_gpu_peaked_delta": 500329472,
"model": "dbmdz/bert-base-german-cased",
"dataset": "germeval_1819",
"train_size": 11168,
"validation_size": 1241,
"test_size": 3961}