{"test_loss": 4.069582939147949, "test_accuracy": 0.7472042377869335, "test_precision_macro": 0.5711478938745373, "test_recall_macro": 0.46593772241409714, "test_f1_micro": 0.7472042377869335, "test_f1_macro": 0.49711954405554715, "test_f1_weighted": 0.726198837353165, "test_runtime": 145.955, "test_samples_per_second": 23.281, "test_mem_cpu_alloc_delta": 0, "test_mem_gpu_alloc_delta": 0, "test_mem_cpu_peaked_delta": 0, "test_mem_gpu_peaked_delta": 1158183936, "model": "deepset/gbert-base", "dataset": "germeval_18_task_2", "train_size": 4508, "validation_size": 501, "test_size": 3398}