{"test_loss": 0.6102868318557739, "test_accuracy": 0.8498098859315589, "test_precision": 0.6901408450704225, "test_recall": 0.7368421052631579, "test_f1": 0.7127272727272725, "test_f1_micro": 0.8498098859315589, "test_f1_macro": 0.8055270855270854, "test_f1_weighted": 0.8513977154281335, "test_runtime": 12.3861, "test_samples_per_second": 42.467, "test_steps_per_second": 1.373, "model": "deepset/gbert-base", "dataset": "hasoc_2020", "train_size": 2373, "validation_size": 526, "test_size": 526}