{"test_loss": 1.3221458196640015, "test_accuracy": 0.7818732643271901, "test_precision": 0.688128675556696, "test_recall": 0.6529687092321579, "test_f1": 0.6683894599224439, "test_f1_micro": 0.7818732643271901, "test_f1_macro": 0.6683894599224439, "test_f1_weighted": 0.7775786156701494, "test_runtime": 85.1168, "test_samples_per_second": 46.536, "test_mem_cpu_alloc_delta": 0, "test_mem_gpu_alloc_delta": 0, "test_mem_cpu_peaked_delta": 0, "test_mem_gpu_peaked_delta": 500360704, "model": "dbmdz/bert-base-german-cased", "dataset": "germeval_1819_task_2", "train_size": 11168, "validation_size": 1241, "test_size": 3961}