{"test_loss": 3.133918523788452, "test_accuracy": 0.6930068164604898, "test_precision_macro": 0.586693648425072, "test_recall_macro": 0.5766407817814836, "test_f1_micro": 0.6930068164604898, "test_f1_macro": 0.5792804586471819, "test_f1_weighted": 0.694884981109996, "test_runtime": 82.6481, "test_samples_per_second": 47.926, "test_mem_cpu_alloc_delta": 0, "test_mem_gpu_alloc_delta": 0, "test_mem_cpu_peaked_delta": 0, "test_mem_gpu_peaked_delta": 500360704, "model": "deepset/gbert-base", "dataset": "germeval_19_task_2", "train_size": 5310, "validation_size": 591, "test_size": 3961}