{"test_loss": 0.9246727228164673, "test_accuracy": 0.8853868194842407, "test_precision": 0.7391304347826086, "test_recall": 0.6986301369863014, "test_f1": 0.7183098591549297, "test_f1_micro": 0.8853868194842407, "test_f1_macro": 0.8231837065558821, "test_f1_weighted": 0.8841848269638859, "test_runtime": 4.51, "test_samples_per_second": 154.767, "test_steps_per_second": 4.878, "model": "deepset/gbert-base", "dataset": "covid_2021", "train_size": 3532, "validation_size": 730, "test_size": 698}